"Name","MMR","Games"
"YoyO","4888","43"
"Bojinkins","","0"
"Galeforce","4496","60"
"TEarDroP","4816","1"
"Dyncommon","4635","21"
"Kirt","4450","13"
"TheKazootie","","0"
"Quaven","4338","1"
"Derp","4113","3"
"Vedeynevin","4061","1"
"NoamPomsky","3921","9"
"Duttles","3707","6"
"LeWaffles","3515","10"
"Tixt","3331","27"
"Rocky","3463","1"
"MrHyde","3167","1"
"sherpard","3121","11"
"Oghma","2892","9"
"Coast","2955","2"
"floski","3347","1"
"UnKleToBy","4941","21"
"JonBom","5124","22"
"Sawblade","3723","32"
"Awful","4759","2"
"Unknown","4494","35"
"GeminiDTX","2949","21"
"DJCylon","3595","1"
"Magyner","3879","7"
"whoneth","4485","1"
